msmarco_passage_04_184039938	100
msmarco_passage_43_512511462	100
msmarco_passage_63_794024728	100
msmarco_passage_66_129559535	100
msmarco_passage_05_813284804	100
msmarco_passage_56_765104358	100
msmarco_passage_48_809897480	100
msmarco_passage_08_614585622	100
msmarco_passage_25_788135527	100
msmarco_passage_16_871552068	100
msmarco_passage_56_134270079	95
msmarco_passage_13_118392884	95
msmarco_passage_69_66283148	95
msmarco_passage_12_9271802	95
msmarco_passage_17_546219488	95
msmarco_passage_36_558178607	95
msmarco_passage_14_208722927	95
msmarco_passage_54_49532777	95
msmarco_passage_30_568130531	95
msmarco_passage_03_320440617	95
msmarco_passage_43_244879689	95
msmarco_passage_13_460655848	95
msmarco_passage_57_300232143	95
msmarco_passage_27_251403866	95
msmarco_passage_38_656563310	95
msmarco_passage_04_747868530	95
msmarco_passage_48_809884979	95
msmarco_passage_35_702383398	95
msmarco_passage_35_685086508	95
msmarco_passage_62_838842334	95
msmarco_passage_19_137575853	95
msmarco_passage_46_99348408	95
msmarco_passage_64_755161029	95
msmarco_passage_09_557414599	95
msmarco_passage_04_741286557	95
msmarco_passage_68_666887659	95
msmarco_passage_38_478159558	95
msmarco_passage_56_418925990	95
msmarco_passage_05_539534409	95
msmarco_passage_22_505095216	95
msmarco_passage_66_295950507	95
msmarco_passage_19_429222824	95
msmarco_passage_43_527976161	95
msmarco_passage_34_281562088	95
msmarco_passage_49_290202318	95
msmarco_passage_69_68259624	90
msmarco_passage_45_190457462	90
msmarco_passage_18_650577236	90
msmarco_passage_65_620984460	90
msmarco_passage_53_850570563	90
msmarco_passage_38_230382226	90
msmarco_passage_61_454958762	90
msmarco_passage_16_666154211	90
msmarco_passage_13_30474479	90
msmarco_passage_31_596175611	90
msmarco_passage_17_453942769	90
msmarco_passage_57_449197114	90
msmarco_passage_61_109017405	90
msmarco_passage_64_306276585	90
msmarco_passage_23_183356859	90
msmarco_passage_44_635582909	90
msmarco_passage_18_324419172	90
msmarco_passage_08_243623697	90
msmarco_passage_24_238003899	90
msmarco_passage_33_95746100	90
msmarco_passage_56_700460275	90
msmarco_passage_50_603373233	90
msmarco_passage_14_368221459	90
msmarco_passage_07_58149983	90
msmarco_passage_45_722892767	90
msmarco_passage_61_455818940	90
msmarco_passage_48_8771995	90
msmarco_passage_61_2083397	90
msmarco_passage_58_450773926	90
msmarco_passage_46_637288664	90
msmarco_passage_02_87510521	90
msmarco_passage_24_422269325	90
msmarco_passage_51_160025856	90
msmarco_passage_55_559541448	90
msmarco_passage_15_3121592	90
msmarco_passage_66_709744923	90
msmarco_passage_35_814285999	90
msmarco_passage_11_115961490	90
msmarco_passage_41_101227182	90
msmarco_passage_67_94793715	90
msmarco_passage_01_212795022	90
msmarco_passage_31_7031314	90
msmarco_passage_42_594000200	90
msmarco_passage_20_861870795	90
msmarco_passage_41_96489473	90
msmarco_passage_68_767128898	90
msmarco_passage_32_654978659	90
msmarco_passage_20_588156028	90
msmarco_passage_61_153739680	90
msmarco_passage_39_148184856	90
msmarco_passage_00_604566713	90
msmarco_passage_32_173730446	90
msmarco_passage_45_598526813	90
msmarco_passage_66_689667412	90
msmarco_passage_35_30149880	90
msmarco_passage_02_78015535	90
msmarco_passage_64_854431912	90
msmarco_passage_57_377301057	90
msmarco_passage_06_801607823	90
msmarco_passage_63_319980098	90
msmarco_passage_36_847873217	90
msmarco_passage_19_334435244	90
msmarco_passage_15_179770521	90
msmarco_passage_44_187794460	90
msmarco_passage_36_863147330	90
msmarco_passage_40_231422009	90
msmarco_passage_51_768004619	90
msmarco_passage_47_163922740	90
msmarco_passage_01_120377710	90
msmarco_passage_62_95061035	90
msmarco_passage_15_294090301	90
msmarco_passage_64_311755487	90
msmarco_passage_64_866092012	90
msmarco_passage_03_18776532	90
msmarco_passage_47_129955763	90
msmarco_passage_07_790187172	90
msmarco_passage_25_353539955	90
msmarco_passage_32_396173263	90
msmarco_passage_57_476737321	90
msmarco_passage_14_165554945	90
msmarco_passage_37_156029963	90
msmarco_passage_33_56683700	90
msmarco_passage_04_278618506	90
msmarco_passage_16_7867396	90
msmarco_passage_20_46807835	90
msmarco_passage_29_224684635	90
msmarco_passage_67_218203551	90
msmarco_passage_44_149465995	90
msmarco_passage_37_601882531	90
msmarco_passage_26_595149661	90
msmarco_passage_01_555683070	90
msmarco_passage_22_346697438	90
msmarco_passage_61_192746312	90
msmarco_passage_21_395445994	90
msmarco_passage_50_628454430	90
msmarco_passage_10_672150967	90
msmarco_passage_15_682638613	90
msmarco_passage_40_670183200	90
msmarco_passage_24_800112607	90
msmarco_passage_18_316507929	90
msmarco_passage_67_360620660	90
msmarco_passage_55_426440411	90
msmarco_passage_65_665062229	90
msmarco_passage_03_616325015	90
msmarco_passage_47_728246024	90
msmarco_passage_37_439539317	90
msmarco_passage_14_325946981	90
msmarco_passage_15_225413575	90
msmarco_passage_24_110546588	90
msmarco_passage_57_599720413	90
msmarco_passage_01_547680428	90
msmarco_passage_40_718656004	90
msmarco_passage_54_468432110	90
msmarco_passage_52_56431825	90
msmarco_passage_35_5416450	90
msmarco_passage_61_738019288	90
msmarco_passage_40_200059290	90
msmarco_passage_63_643545866	90
msmarco_passage_21_53536322	90
msmarco_passage_31_339941488	90
msmarco_passage_62_614073583	90
msmarco_passage_13_34246364	90
msmarco_passage_09_724060640	90
msmarco_passage_49_65149555	90
msmarco_passage_41_703236285	90
msmarco_passage_21_147485026	90
msmarco_passage_67_953893712	90
msmarco_passage_65_839280006	90
msmarco_passage_41_401372592	90
msmarco_passage_40_476188777	90
msmarco_passage_10_164474597	90
msmarco_passage_31_516387496	90
msmarco_passage_03_622575038	90
msmarco_passage_68_136322804	90
msmarco_passage_44_297382585	90
msmarco_passage_26_722446346	90
msmarco_passage_38_851446699	90
msmarco_passage_17_280641710	90
msmarco_passage_37_718806267	90
msmarco_passage_48_799817763	90
msmarco_passage_56_270235701	90
msmarco_passage_30_263927389	90
msmarco_passage_13_90539600	90
msmarco_passage_63_442775590	90
msmarco_passage_51_627701416	90
msmarco_passage_35_377677556	90
msmarco_passage_69_20905644	90
msmarco_passage_55_852983069	90
msmarco_passage_28_172385822	90
msmarco_passage_12_498998022	90
msmarco_passage_50_270324716	90
msmarco_passage_48_495640961	90
msmarco_passage_17_216297625	90
msmarco_passage_44_793869880	90
msmarco_passage_31_545925247	90
msmarco_passage_35_688562602	90
msmarco_passage_11_21634577	90
msmarco_passage_25_703459118	90
msmarco_passage_11_618155797	90
msmarco_passage_51_713533964	90
msmarco_passage_58_712406090	90
msmarco_passage_25_697317810	90
msmarco_passage_05_214863952	90
msmarco_passage_51_129025103	90
msmarco_passage_51_118948497	90
msmarco_passage_26_534362340	90
msmarco_passage_37_542822256	90
msmarco_passage_18_24606312	90
msmarco_passage_60_299350729	90
msmarco_passage_05_653914750	90
msmarco_passage_16_129730086	90
msmarco_passage_22_206412598	90
msmarco_passage_37_356218339	90
msmarco_passage_51_118012863	90
msmarco_passage_31_852852449	90
msmarco_passage_15_768782503	90
msmarco_passage_21_689624167	90
msmarco_passage_43_836782034	90
msmarco_passage_02_272619073	90
msmarco_passage_50_346066969	90
msmarco_passage_14_592577127	90
msmarco_passage_45_249932190	90
msmarco_passage_54_276637120	90
msmarco_passage_36_246127207	90
msmarco_passage_54_327198431	90
msmarco_passage_00_224048207	90
msmarco_passage_03_429894254	90
msmarco_passage_41_547852300	90
msmarco_passage_55_865157827	90
msmarco_passage_43_83578176	90
msmarco_passage_11_129754313	90
msmarco_passage_58_710092283	90
msmarco_passage_49_715643112	90
msmarco_passage_27_6766649	90
msmarco_passage_66_695181659	90
msmarco_passage_50_129054448	90
msmarco_passage_21_643850108	90
msmarco_passage_59_97129832	90
msmarco_passage_65_210464694	90
msmarco_passage_10_619973803	90
msmarco_passage_67_618717371	90
msmarco_passage_17_204674389	90
msmarco_passage_30_777064079	90
msmarco_passage_19_24764066	90
msmarco_passage_64_76716410	90
msmarco_passage_05_199790411	90
msmarco_passage_10_262825292	90
msmarco_passage_16_565938924	90
msmarco_passage_22_228880199	90
msmarco_passage_21_534243726	90
msmarco_passage_62_173761958	90
msmarco_passage_33_433632235	90
msmarco_passage_37_531884094	90
msmarco_passage_24_705447674	90
msmarco_passage_68_7137006	85
msmarco_passage_40_615796527	85
msmarco_passage_21_28155342	85
msmarco_passage_00_157144908	85
msmarco_passage_47_762732308	85
msmarco_passage_38_335201123	85
msmarco_passage_63_594938368	85
msmarco_passage_68_291201121	85
msmarco_passage_60_555211690	85
msmarco_passage_04_391749089	85
msmarco_passage_11_265103961	85
msmarco_passage_11_37384529	85
msmarco_passage_28_720472805	85
msmarco_passage_11_89667191	85
msmarco_passage_28_369688055	85
msmarco_passage_68_158535086	85
msmarco_passage_33_212035949	85
msmarco_passage_55_648192578	85
msmarco_passage_01_550833146	85
msmarco_passage_04_396805507	85
msmarco_passage_42_93403159	85
msmarco_passage_34_48993105	85
msmarco_passage_33_308914257	85
msmarco_passage_40_551390162	85
msmarco_passage_28_129418361	85
msmarco_passage_06_325293613	85
msmarco_passage_20_597961067	85
msmarco_passage_39_535292047	85
msmarco_passage_38_364947853	85
msmarco_passage_43_663021163	85
msmarco_passage_09_483054197	85
msmarco_passage_62_659244185	85
msmarco_passage_06_184810704	85
msmarco_passage_56_115603671	85
msmarco_passage_09_503992233	85
msmarco_passage_31_684196482	85
msmarco_passage_31_446891329	85
msmarco_passage_44_721015980	85
msmarco_passage_66_861058509	85
msmarco_passage_58_331603721	85
msmarco_passage_01_179506797	85
msmarco_passage_06_238088007	85
msmarco_passage_18_408277948	85
msmarco_passage_01_166453248	85
msmarco_passage_18_526295645	85
msmarco_passage_09_77705467	85
msmarco_passage_13_238788801	85
msmarco_passage_66_10897432	85
msmarco_passage_18_270993694	85
msmarco_passage_05_259121400	85
msmarco_passage_61_685219548	85
msmarco_passage_67_56038445	85
msmarco_passage_43_204717061	85
msmarco_passage_67_381904	85
msmarco_passage_43_105604272	85
msmarco_passage_32_710125230	85
msmarco_passage_09_429790733	85
msmarco_passage_29_304431884	85
msmarco_passage_59_834936756	85
msmarco_passage_68_528138159	85
msmarco_passage_34_255171261	85
msmarco_passage_41_195692482	85
msmarco_passage_60_774511075	85
msmarco_passage_25_57019508	85
msmarco_passage_50_608896661	85
msmarco_passage_24_126823106	85
msmarco_passage_66_514313002	85
msmarco_passage_60_522501641	85
msmarco_passage_65_624983614	85
msmarco_passage_01_332568538	85
msmarco_passage_17_648212980	85
msmarco_passage_41_377052354	85
msmarco_passage_44_102364736	85
msmarco_passage_24_168362870	85
msmarco_passage_29_683845780	85
msmarco_passage_32_239374229	85
msmarco_passage_24_626889126	85
msmarco_passage_65_290769059	85
msmarco_passage_42_773643953	85
msmarco_passage_54_716174468	85
msmarco_passage_40_426946968	85
msmarco_passage_10_180925704	85
msmarco_passage_68_581460445	85
msmarco_passage_28_231404415	85
msmarco_passage_66_169311586	85
msmarco_passage_68_609983343	85
msmarco_passage_52_30150250	85
msmarco_passage_26_796007023	85
msmarco_passage_39_180230418	85
msmarco_passage_36_346715588	85
msmarco_passage_13_115054288	85
msmarco_passage_60_536858367	85
msmarco_passage_50_807101143	85
msmarco_passage_11_23271727	85
msmarco_passage_35_68719427	85
msmarco_passage_01_271475968	85
msmarco_passage_66_670086420	85
msmarco_passage_28_535099911	85
msmarco_passage_06_418381887	85
msmarco_passage_37_475121024	85
msmarco_passage_21_264922359	85
msmarco_passage_20_795976918	85
msmarco_passage_15_234325924	85
msmarco_passage_54_507931348	85
msmarco_passage_28_484942825	85
msmarco_passage_54_810435893	85
msmarco_passage_27_172830388	85
msmarco_passage_39_139030523	85
msmarco_passage_37_594456954	85
msmarco_passage_29_470728838	85
msmarco_passage_25_634079402	85
msmarco_passage_20_151013168	85
msmarco_passage_13_48277743	85
msmarco_passage_02_318134915	85
msmarco_passage_35_599974836	85
msmarco_passage_47_439947010	85
msmarco_passage_47_780761301	85
msmarco_passage_69_153826190	85
msmarco_passage_62_444936352	85
msmarco_passage_31_191834773	85
msmarco_passage_59_51505210	85
msmarco_passage_21_325168806	85
msmarco_passage_59_400801132	85
msmarco_passage_46_407629454	83
msmarco_passage_41_661016300	80
msmarco_passage_31_380478930	80
msmarco_passage_55_302614698	80
msmarco_passage_33_719503216	80
msmarco_passage_04_159859737	80
msmarco_passage_32_645784099	80
msmarco_passage_38_644423601	80
msmarco_passage_07_707498328	80
msmarco_passage_05_323986275	80
msmarco_passage_32_651612949	80
msmarco_passage_08_419416627	80
msmarco_passage_21_215663582	80
msmarco_passage_28_37381023	80
msmarco_passage_46_367003348	80
msmarco_passage_02_610250952	80
msmarco_passage_51_280217545	80
msmarco_passage_01_126644999	80
msmarco_passage_34_475789250	80
msmarco_passage_17_425477969	80
msmarco_passage_63_595842140	80
msmarco_passage_02_553650025	80
msmarco_passage_01_168102126	80
msmarco_passage_41_95864715	80
msmarco_passage_53_745737215	80
msmarco_passage_54_80236079	80
msmarco_passage_63_619658035	80
msmarco_passage_52_327236085	80
msmarco_passage_50_813849006	80
msmarco_passage_46_853381904	80
msmarco_passage_25_636535873	80
msmarco_passage_60_501989998	80
msmarco_passage_04_652893782	80
msmarco_passage_20_714982912	80
msmarco_passage_46_409882364	80
msmarco_passage_15_171870015	80
msmarco_passage_21_158176886	80
msmarco_passage_27_765737456	80
msmarco_passage_39_520715739	80
msmarco_passage_10_517251015	80
msmarco_passage_52_461015792	80
msmarco_passage_42_549689371	80
msmarco_passage_06_142909994	80
msmarco_passage_39_234361297	80
msmarco_passage_62_860110509	80
msmarco_passage_23_689098000	80
msmarco_passage_16_27398392	80
msmarco_passage_34_27245155	80
msmarco_passage_63_23937437	80
msmarco_passage_01_833285725	80
msmarco_passage_46_581706663	80
msmarco_passage_14_448270966	80
msmarco_passage_34_852294120	80
msmarco_passage_67_117559405	80
msmarco_passage_11_737445930	80
msmarco_passage_26_697074738	80
msmarco_passage_36_824974538	80
msmarco_passage_28_111685550	80
msmarco_passage_68_468403344	80
msmarco_passage_19_529538841	80
msmarco_passage_45_249637953	80
msmarco_passage_05_182971868	80
msmarco_passage_54_249881826	80
msmarco_passage_58_447459271	80
msmarco_passage_02_176086593	80
msmarco_passage_29_590756443	80
msmarco_passage_00_394981469	80
msmarco_passage_20_140416084	80
msmarco_passage_44_642073416	80
msmarco_passage_00_133695721	80
msmarco_passage_59_794612562	80
msmarco_passage_42_817224166	80
msmarco_passage_00_343360392	80
msmarco_passage_67_125980201	80
msmarco_passage_12_690533762	80
msmarco_passage_07_273664057	80
msmarco_passage_08_383400921	80
msmarco_passage_28_659063770	80
msmarco_passage_25_573697248	80
msmarco_passage_29_788422197	80
msmarco_passage_65_767565518	80
msmarco_passage_26_505500216	80
msmarco_passage_02_856002754	80
msmarco_passage_08_726001307	80
msmarco_passage_39_869367120	80
msmarco_passage_53_449535264	80
msmarco_passage_24_165070039	80
msmarco_passage_49_749563148	80
msmarco_passage_55_506127570	80
msmarco_passage_37_843197158	80
msmarco_passage_32_652150132	80
msmarco_passage_32_714560733	80
msmarco_passage_43_100948891	80
msmarco_passage_61_784325297	80
msmarco_passage_00_419249531	80
msmarco_passage_51_605876464	80
msmarco_passage_03_289393495	80
msmarco_passage_46_810013423	80
msmarco_passage_53_730016984	80
msmarco_passage_04_124153487	80
msmarco_passage_58_197410701	80
msmarco_passage_48_420394329	75
msmarco_passage_20_19888779	75
msmarco_passage_42_234434731	75
msmarco_passage_67_588930019	75
msmarco_passage_43_708756677	75
msmarco_passage_56_165096346	75
msmarco_passage_47_814988400	75
msmarco_passage_53_22259098	75
msmarco_passage_24_427840481	75
msmarco_passage_55_573486020	75
msmarco_passage_14_538907951	75
msmarco_passage_38_495158994	75
msmarco_passage_23_765909087	75
msmarco_passage_17_597717868	75
msmarco_passage_65_602612282	75
msmarco_passage_18_582217451	75
msmarco_passage_57_91788761	75
msmarco_passage_02_12553791	75
msmarco_passage_54_373632324	75
msmarco_passage_57_343816653	75
msmarco_passage_04_170541547	75
msmarco_passage_27_685968963	75
msmarco_passage_34_335225330	75
msmarco_passage_21_850205442	75
msmarco_passage_48_386788030	75
msmarco_passage_07_593442726	75
msmarco_passage_21_313382970	75
msmarco_passage_60_87250115	75
msmarco_passage_56_608266959	75
msmarco_passage_49_436545201	75
msmarco_passage_51_592664991	75
msmarco_passage_38_355907299	75
msmarco_passage_22_428660237	75
msmarco_passage_08_671664398	75
msmarco_passage_47_608820502	75
msmarco_passage_65_563409820	75
msmarco_passage_38_356649507	75
msmarco_passage_39_130350212	75
msmarco_passage_14_817825756	75
msmarco_passage_67_305803002	75
msmarco_passage_03_676723020	75
msmarco_passage_50_514725753	75
msmarco_passage_10_788863349	75
msmarco_passage_34_676794022	75
msmarco_passage_19_797697109	75
msmarco_passage_67_587164531	75
msmarco_passage_42_714312887	75
msmarco_passage_65_636104293	75
msmarco_passage_63_805847160	75
msmarco_passage_51_466845029	75
msmarco_passage_25_232040915	75
msmarco_passage_30_534369842	75
msmarco_passage_15_445738496	75
msmarco_passage_46_763143193	75
msmarco_passage_58_388271254	75
msmarco_passage_12_639870806	75
msmarco_passage_04_694427314	75
msmarco_passage_60_245057709	75
msmarco_passage_44_574049413	75
msmarco_passage_69_48493358	75
msmarco_passage_01_367885800	75
msmarco_passage_31_497303426	75
msmarco_passage_03_518526083	75
msmarco_passage_39_850890879	75
msmarco_passage_57_33210037	75
msmarco_passage_37_19924378	75
msmarco_passage_19_315791461	75
msmarco_passage_39_603412992	75
msmarco_passage_36_823206041	75
msmarco_passage_34_133486664	75
msmarco_passage_50_670575393	75
msmarco_passage_27_221887715	75
msmarco_passage_56_494828950	75
msmarco_passage_36_175195042	75
msmarco_passage_62_520719211	75
msmarco_passage_48_596246548	75
msmarco_passage_27_101579746	75
msmarco_passage_40_70503069	75
msmarco_passage_16_40287674	75
msmarco_passage_34_382793810	75
msmarco_passage_58_205042799	75
msmarco_passage_21_33540784	75
msmarco_passage_29_849560391	75
msmarco_passage_36_678591559	75
msmarco_passage_01_161352915	75
msmarco_passage_06_589368209	75
msmarco_passage_10_842160962	75
msmarco_passage_62_845818087	75
msmarco_passage_32_13590146	75
msmarco_passage_01_399262917	75
msmarco_passage_12_104245730	75
msmarco_passage_35_581763559	75
msmarco_passage_59_484301361	75
msmarco_passage_18_88303308	75
msmarco_passage_26_321758523	75
msmarco_passage_32_471756145	75
msmarco_passage_30_239960132	75
msmarco_passage_14_655151639	75
msmarco_passage_67_112137240	75
msmarco_passage_28_156365423	75
msmarco_passage_09_820456933	75
msmarco_passage_35_847316887	75
msmarco_passage_14_195989511	75
msmarco_passage_54_608741114	70
msmarco_passage_67_241266538	70
msmarco_passage_57_868173919	70
msmarco_passage_19_196572240	70
msmarco_passage_27_825186356	70
msmarco_passage_35_141092518	70
msmarco_passage_31_236465947	70
msmarco_passage_01_595208526	70
msmarco_passage_44_695224170	70
msmarco_passage_08_452254057	70
msmarco_passage_50_724513616	70
msmarco_passage_52_513159164	70
msmarco_passage_38_150549873	70
msmarco_passage_05_317675810	70
msmarco_passage_41_307427311	70
msmarco_passage_57_784579068	70
msmarco_passage_11_532120907	70
msmarco_passage_50_779016817	70
msmarco_passage_19_432330324	70
msmarco_passage_65_200003419	70
msmarco_passage_44_46308233	70
msmarco_passage_05_492889603	70
msmarco_passage_18_217969117	70
msmarco_passage_20_18286491	70
msmarco_passage_32_197756800	70
msmarco_passage_17_22977495	70
msmarco_passage_20_92833883	70
msmarco_passage_69_4205108	70
msmarco_passage_37_587294758	70
msmarco_passage_38_744187357	70
msmarco_passage_12_125606272	70
msmarco_passage_44_822259078	70
msmarco_passage_62_296942417	70
msmarco_passage_22_189435852	70
msmarco_passage_56_412281498	70
msmarco_passage_48_847700579	70
msmarco_passage_23_813142098	70
msmarco_passage_33_107910027	70
msmarco_passage_21_562036840	70
msmarco_passage_46_184562929	70
msmarco_passage_65_639264048	70
msmarco_passage_07_645577966	70
msmarco_passage_22_191185213	70
msmarco_passage_26_259879987	70
msmarco_passage_02_632912736	70
msmarco_passage_39_710547660	70
msmarco_passage_28_599902568	70
msmarco_passage_04_6851505	70
msmarco_passage_08_663009008	70
msmarco_passage_42_500445667	70
msmarco_passage_16_57199192	70
msmarco_passage_05_330959033	70
msmarco_passage_44_709711612	70
msmarco_passage_50_72647373	70
msmarco_passage_43_766151229	70
msmarco_passage_08_738814863	70
msmarco_passage_68_787124987	70
msmarco_passage_18_764637941	70
msmarco_passage_09_179943788	70
msmarco_passage_32_207363806	70
msmarco_passage_22_787481586	70
msmarco_passage_01_436020127	70
msmarco_passage_51_39865795	70
msmarco_passage_29_577765695	70
msmarco_passage_40_651990626	70
msmarco_passage_61_72931742	70
msmarco_passage_30_612824496	70
msmarco_passage_57_609147519	70
msmarco_passage_14_392847231	70
msmarco_passage_51_19631920	70
msmarco_passage_16_491745431	70
msmarco_passage_37_721719129	70
msmarco_passage_10_604462484	65
msmarco_passage_30_450960268	65
msmarco_passage_14_169377278	65
msmarco_passage_55_762770762	65
msmarco_passage_16_346449954	65
msmarco_passage_58_594242974	65
msmarco_passage_51_567386171	65
msmarco_passage_36_663020128	65
msmarco_passage_38_548194021	65
msmarco_passage_46_692470289	65
msmarco_passage_33_556966298	65
msmarco_passage_09_859663630	65
msmarco_passage_65_13111302	65
msmarco_passage_54_465131142	65
msmarco_passage_13_575460478	65
msmarco_passage_67_704195480	65
msmarco_passage_14_655195556	65
msmarco_passage_18_211759439	65
msmarco_passage_14_27317615	65
msmarco_passage_27_394746796	65
msmarco_passage_43_378009087	65
msmarco_passage_22_703924285	65
msmarco_passage_15_395061776	65
msmarco_passage_34_579386228	65
msmarco_passage_21_707924647	65
msmarco_passage_04_787931468	65
msmarco_passage_30_567746431	60
msmarco_passage_25_524351426	60
msmarco_passage_41_163394163	60
msmarco_passage_53_136660150	60
msmarco_passage_53_32469576	60
msmarco_passage_21_214679019	60
msmarco_passage_51_529579685	60
msmarco_passage_43_589798935	60
msmarco_passage_32_122383586	60
msmarco_passage_38_31023454	60
msmarco_passage_34_834440113	60
msmarco_passage_17_161553567	60
msmarco_passage_31_187696916	60
msmarco_passage_22_116874444	60
msmarco_passage_31_555664479	60
msmarco_passage_10_615942494	60
msmarco_passage_11_443516684	60
msmarco_passage_51_802890574	60
msmarco_passage_31_839640347	60
msmarco_passage_16_716174460	60
msmarco_passage_46_31962672	60
msmarco_passage_35_252644530	60
msmarco_passage_64_23043970	60
msmarco_passage_33_546207224	60
msmarco_passage_09_636879882	60
msmarco_passage_38_649842141	60
msmarco_passage_52_365972229	60
msmarco_passage_15_67876488	60
msmarco_passage_20_366156561	60
msmarco_passage_04_175406252	60
msmarco_passage_59_425846748	60
msmarco_passage_55_643053683	60
msmarco_passage_48_528104688	60
msmarco_passage_34_472897078	60
msmarco_passage_43_297018090	60
msmarco_passage_57_99414424	60
msmarco_passage_15_639424411	60
msmarco_passage_58_784861119	60
msmarco_passage_47_239389410	60
msmarco_passage_39_146358403	60
msmarco_passage_15_132270444	60
msmarco_passage_18_534059107	60
msmarco_passage_28_810592373	60
msmarco_passage_53_766589278	60
msmarco_passage_02_308578484	60
msmarco_passage_60_136401075	60
msmarco_passage_13_539179401	60
msmarco_passage_26_102558837	60
msmarco_passage_00_170086301	60
msmarco_passage_15_383142313	60
msmarco_passage_60_143725638	60
msmarco_passage_58_66239054	60
msmarco_passage_42_250902212	60
msmarco_passage_44_572623678	60
msmarco_passage_06_646947542	60
msmarco_passage_36_681707434	60
msmarco_passage_12_22239046	60
msmarco_passage_60_145953495	60
msmarco_passage_05_824608766	55
msmarco_passage_06_44497652	55
msmarco_passage_36_572596622	55
msmarco_passage_37_442131223	55
msmarco_passage_60_89250420	55
msmarco_passage_29_431505820	50
msmarco_passage_53_431818312	50
msmarco_passage_47_653801003	50
msmarco_passage_50_720606860	50
msmarco_passage_49_619515078	50
msmarco_passage_05_594833410	50
msmarco_passage_66_197332422	50
msmarco_passage_40_657223453	50
msmarco_passage_66_571687210	50
msmarco_passage_06_631362002	50
msmarco_passage_32_259156250	50
msmarco_passage_57_226207349	50
msmarco_passage_03_311940514	50
msmarco_passage_15_5820359	50
msmarco_passage_35_168679715	50
msmarco_passage_07_602023851	50
msmarco_passage_22_635654052	50
msmarco_passage_69_4386942	50
msmarco_passage_36_207701935	50
msmarco_passage_55_849905721	50
msmarco_passage_01_560481438	50
msmarco_passage_01_778528541	50
msmarco_passage_13_274647000	50
msmarco_passage_26_220937986	50
msmarco_passage_68_334457840	50
msmarco_passage_09_462370992	50
msmarco_passage_34_203515060	50
msmarco_passage_61_861265066	50
msmarco_passage_58_771721756	45
msmarco_passage_69_84709310	45
msmarco_passage_51_501550671	45
msmarco_passage_31_275444959	45
msmarco_passage_04_234396454	45
msmarco_passage_60_814069083	45
msmarco_passage_26_802933812	45
msmarco_passage_67_633661412	45
msmarco_passage_41_13073688	45
msmarco_passage_00_821275369	45
msmarco_passage_02_597930803	45
msmarco_passage_12_500564535	45
msmarco_passage_33_837894737	40
msmarco_passage_60_476481171	40
msmarco_passage_23_852052898	40
msmarco_passage_01_378293693	40
msmarco_passage_08_359648143	40
msmarco_passage_13_737953177	40
msmarco_passage_47_494241599	40
msmarco_passage_10_471423653	40
msmarco_passage_26_242704059	40
msmarco_passage_61_330550267	40
msmarco_passage_24_353455295	40
msmarco_passage_67_276033916	40
msmarco_passage_48_750345937	40
msmarco_passage_13_595029828	40
msmarco_passage_44_732696594	40
msmarco_passage_25_205398409	40
msmarco_passage_41_327694465	40
msmarco_passage_13_690407454	40
msmarco_passage_31_810694291	40
msmarco_passage_11_138666136	40
msmarco_passage_61_266956617	40
msmarco_passage_21_763671207	40
msmarco_passage_43_514110448	40
msmarco_passage_16_751206705	40
msmarco_passage_17_400046544	40
msmarco_passage_50_513186920	40
msmarco_passage_58_139026769	40
msmarco_passage_19_788935276	40
msmarco_passage_63_468207982	40
msmarco_passage_56_400564015	40
msmarco_passage_16_447563508	40
msmarco_passage_02_729347975	40
msmarco_passage_13_671139466	40
msmarco_passage_50_293810441	40
msmarco_passage_03_49939704	40
msmarco_passage_07_470143403	40
msmarco_passage_55_126812490	35
msmarco_passage_18_318220023	35
msmarco_passage_40_298342727	35
msmarco_passage_17_829535300	35
msmarco_passage_22_623099937	35
msmarco_passage_00_740871730	35
msmarco_passage_29_62224986	35
msmarco_passage_05_571349045	35
msmarco_passage_59_604009288	35
msmarco_passage_63_414064784	30
msmarco_passage_68_175978589	30
msmarco_passage_12_127299414	30
msmarco_passage_42_726629912	30
msmarco_passage_68_376093117	30
msmarco_passage_63_357106238	30
msmarco_passage_06_689476967	30
msmarco_passage_16_578901988	30
msmarco_passage_24_846344429	30
msmarco_passage_05_107677863	30
msmarco_passage_30_608219332	30
msmarco_passage_05_370064291	30
msmarco_passage_08_108795189	30
msmarco_passage_08_366728816	30
msmarco_passage_33_70488481	30
msmarco_passage_12_824613239	30
msmarco_passage_52_498189749	30
msmarco_passage_49_254628099	30
msmarco_passage_01_556916072	30
msmarco_passage_20_574087997	30
msmarco_passage_31_397833396	30
msmarco_passage_18_165730376	30
msmarco_passage_24_742333959	30
msmarco_passage_10_779996640	30
msmarco_passage_26_733866983	30
msmarco_passage_09_93063495	30
msmarco_passage_00_759518803	30
msmarco_passage_32_825161089	30
msmarco_passage_01_151965315	30
msmarco_passage_57_608013257	25
msmarco_passage_09_100750020	25
msmarco_passage_18_30641500	25
msmarco_passage_10_876180206	25
msmarco_passage_16_799164335	25
msmarco_passage_10_158268029	25
msmarco_passage_28_836330150	25
msmarco_passage_40_486942370	25
msmarco_passage_19_351388909	20
msmarco_passage_32_814378110	20
msmarco_passage_01_330910588	20
msmarco_passage_30_813083862	20
msmarco_passage_54_508338581	20
msmarco_passage_08_824843337	20
msmarco_passage_57_860814182	20
msmarco_passage_60_55307760	20
msmarco_passage_14_344508164	20
msmarco_passage_51_32372247	20
msmarco_passage_49_516913175	20
msmarco_passage_63_502326136	20
msmarco_passage_52_97410852	20
msmarco_passage_61_612789626	20
msmarco_passage_17_416385316	20
msmarco_passage_30_374311431	20
msmarco_passage_43_655504430	20
msmarco_passage_62_206861092	20
msmarco_passage_55_145636566	20
msmarco_passage_40_347974815	20
msmarco_passage_58_56379711	20
msmarco_passage_18_754667430	20
msmarco_passage_10_697440661	15
msmarco_passage_53_626628161	15
msmarco_passage_12_181221127	15
msmarco_passage_27_478918841	15
msmarco_passage_00_240737626	15
msmarco_passage_49_579712728	15
msmarco_passage_49_179816694	10
msmarco_passage_02_491717133	10
msmarco_passage_01_612663403	10
msmarco_passage_43_379069289	10
msmarco_passage_02_444301272	10
msmarco_passage_01_239746540	10
msmarco_passage_68_412718102	10
msmarco_passage_31_133240889	10
msmarco_passage_21_723400602	10
msmarco_passage_39_133815401	10
msmarco_passage_52_348388100	5
msmarco_passage_23_257013701	5
msmarco_passage_11_510638942	0
msmarco_passage_59_597413290	0
msmarco_passage_31_256527641	0
msmarco_passage_00_664831147	0
msmarco_passage_15_96538272	0
msmarco_passage_57_442203162	0
msmarco_passage_26_267709740	0
msmarco_passage_58_514977696	0
msmarco_passage_39_746810473	0
msmarco_passage_18_746033986	0
msmarco_passage_58_5464002	0
msmarco_passage_39_205097574	0
msmarco_passage_13_747220229	0
msmarco_passage_25_494156852	0
msmarco_passage_50_307085398	0
msmarco_passage_59_547333175	0
msmarco_passage_68_243414924	0
msmarco_passage_11_502910197	0
msmarco_passage_18_528011896	0
msmarco_passage_43_280067186	0
msmarco_passage_51_642539260	0
msmarco_passage_47_697382293	0
msmarco_passage_57_510192112	0
msmarco_passage_20_604591393	0
msmarco_passage_58_812801875	0
msmarco_passage_54_80625346	0
msmarco_passage_33_191546097	0
msmarco_passage_67_334181485	0
msmarco_passage_10_126171596	0
msmarco_passage_65_523657076	0
msmarco_passage_66_110206918	0
msmarco_passage_02_237824326	0
msmarco_passage_27_504087045	0
msmarco_passage_03_496503007	0
msmarco_passage_66_817818721	0
msmarco_passage_25_363355600	0
msmarco_passage_07_250226581	0
msmarco_passage_34_796206357	0
msmarco_passage_41_115155137	0
msmarco_passage_31_76594358	0
msmarco_passage_44_796590401	0
msmarco_passage_63_513975149	0
msmarco_passage_25_757981118	0
msmarco_passage_19_804534258	0
msmarco_passage_60_66486131	0
msmarco_passage_41_107775662	0
msmarco_passage_20_470482411	0
msmarco_passage_53_443278836	0
msmarco_passage_33_408449199	0
msmarco_passage_02_91698803	0
msmarco_passage_08_422014307	0
msmarco_passage_34_342694181	0
msmarco_passage_21_330976474	0
msmarco_passage_12_68623991	0
msmarco_passage_24_669798393	0
msmarco_passage_20_112941517	0
msmarco_passage_02_219775880	0
msmarco_passage_15_624960332	0
msmarco_passage_65_14744697	0
msmarco_passage_11_833559443	0
msmarco_passage_04_526251166	0
msmarco_passage_52_510056350	0
msmarco_passage_03_78813450	0
msmarco_passage_42_705096508	0
msmarco_passage_08_88823547	0
msmarco_passage_67_260567035	0
msmarco_passage_25_126315743	0
msmarco_passage_16_509290179	0
msmarco_passage_64_259880666	0
msmarco_passage_42_429547365	0
msmarco_passage_36_606035043	0
msmarco_passage_17_484622389	0
msmarco_passage_45_779708235	0
msmarco_passage_44_177488032	0
msmarco_passage_37_529827839	0
msmarco_passage_04_88996982	0
msmarco_passage_56_29749446	0
msmarco_passage_08_91697549	0
msmarco_passage_11_34303748	0
msmarco_passage_45_241397282	0
msmarco_passage_12_368209475	0
msmarco_passage_05_359583718	0
msmarco_passage_44_413990296	0
msmarco_passage_14_750201287	0
msmarco_passage_03_168263361	0
msmarco_passage_44_497723152	0
msmarco_passage_10_683711957	0
msmarco_passage_69_153427090	0
msmarco_passage_14_434973715	0
msmarco_passage_58_317136429	0
msmarco_passage_27_737382026	0
